{
	"jbl_aes_128_cbc_decode":{
		"name":"jbl_aes_128_cbc_decode",
		"file":"jbl/jbl_aes.c",
		"type":"f",
		"comment":"这个函数负责进行AES 128 CBC 解密"
	},
	"jbl_aes_128_cbc_decode_stream_free":{
		"name":"jbl_aes_128_cbc_decode_stream_free",
		"file":"jbl/jbl_aes.h",
		"type":"d",
		"comment":"这个函数负责释放一个AES 128 CBC 解密流"
	},
	"jbl_aes_128_cbc_decode_stream_init":{
		"name":"jbl_aes_128_cbc_decode_stream_init",
		"file":"jbl/jbl_aes.h",
		"type":"d",
		"comment":"这个函数负责初始化一个AES 128 CBC 解密流"
	},
	"jbl_aes_128_cbc_decode_stream_operator":{
		"name":"jbl_aes_128_cbc_decode_stream_operator",
		"file":"jbl/jbl_aes.c",
		"type":"f",
		"comment":"这是AES 128 CBC 解密流处理器"
	},
	"jbl_aes_128_cbc_encode":{
		"name":"jbl_aes_128_cbc_encode",
		"file":"jbl/jbl_aes.c",
		"type":"f",
		"comment":"这个函数负责进行AES 128 CBC 加密"
	},
	"jbl_aes_128_cbc_encode_stream_free":{
		"name":"jbl_aes_128_cbc_encode_stream_free",
		"file":"jbl/jbl_aes.h",
		"type":"d",
		"comment":"这个函数负责释放一个AES 128 CBC 加密流"
	},
	"jbl_aes_128_cbc_encode_stream_init":{
		"name":"jbl_aes_128_cbc_encode_stream_init",
		"file":"jbl/jbl_aes.h",
		"type":"d",
		"comment":"这个函数负责初始化一个AES 128 CBC 解密流"
	},
	"jbl_aes_128_cbc_encode_stream_operator":{
		"name":"jbl_aes_128_cbc_encode_stream_operator",
		"file":"jbl/jbl_aes.c",
		"type":"f",
		"comment":"这是AES 128 CBC 加密流处理器"
	},
	"jbl_aes_128_ecb_decode":{
		"name":"jbl_aes_128_ecb_decode",
		"file":"jbl/jbl_aes.c",
		"type":"f",
		"comment":"这个函数负责进行AES 128 ECB解码"
	},
	"jbl_aes_128_ecb_decode_stream_free":{
		"name":"jbl_aes_128_ecb_decode_stream_free",
		"file":"jbl/jbl_aes.h",
		"type":"d",
		"comment":"这个函数负责释放一个AES 128 ECB 解密流"
	},
	"jbl_aes_128_ecb_decode_stream_init":{
		"name":"jbl_aes_128_ecb_decode_stream_init",
		"file":"jbl/jbl_aes.h",
		"type":"d",
		"comment":"这个函数负责初始化一个AES 128 ECB 解密流"
	},
	"jbl_aes_128_ecb_decode_stream_operator":{
		"name":"jbl_aes_128_ecb_decode_stream_operator",
		"file":"jbl/jbl_aes.c",
		"type":"f",
		"comment":"这是AES 128 CBC 解密流处理器"
	},
	"jbl_aes_128_ecb_encode":{
		"name":"jbl_aes_128_ecb_encode",
		"file":"jbl/jbl_aes.c",
		"type":"f",
		"comment":"这个函数负责AES 128 ECB 编码"
	},
	"jbl_aes_128_ecb_encode_stream_free":{
		"name":"jbl_aes_128_ecb_encode_stream_free",
		"file":"jbl/jbl_aes.h",
		"type":"d",
		"comment":"这个函数负责释放AES 128 ECB 编码流"
	},
	"jbl_aes_128_ecb_encode_stream_init":{
		"name":"jbl_aes_128_ecb_encode_stream_init",
		"file":"jbl/jbl_aes.h",
		"type":"d",
		"comment":"这个函数负责初始化AES 128 ECB编码流"
	},
	"jbl_aes_128_ecb_encode_stream_operator":{
		"name":"jbl_aes_128_ecb_encode_stream_operator",
		"file":"jbl/jbl_aes.c",
		"type":"f",
		"comment":"这是AES 128 ECB 编码流处理器"
	},
	"jbl_aes_128_extend_key":{
		"name":"jbl_aes_128_extend_key",
		"file":"jbl/jbl_aes.c",
		"type":"f",
		"comment":"这个函数负责AES 128 密钥扩展"
	},
	"jbl_aes_128_extened_key":{
		"name":"jbl_aes_128_extened_key",
		"file":"jbl/jbl_aes.h",
		"type":"t",
		"comment":"这是AES 128扩展后的密钥"
	},
	"jbl_base64_decode":{
		"name":"jbl_base64_decode",
		"file":"jbl/jbl_base64.c",
		"type":"f",
		"comment":"这个函数负责base64解码"
	},
	"jbl_base64_decode_stream_free":{
		"name":"jbl_base64_decode_stream_free",
		"file":"jbl/jbl_base64.h",
		"type":"d",
		"comment":"这个函数释放base64解码流"
	},
	"jbl_base64_decode_stream_init":{
		"name":"jbl_base64_decode_stream_init",
		"file":"jbl/jbl_base64.h",
		"type":"d",
		"comment":"这个函数初始化base64解码流"
	},
	"jbl_base64_decode_stream_operator":{
		"name":"jbl_base64_decode_stream_operator",
		"file":"jbl/jbl_base64.c",
		"type":"f",
		"comment":"这是base64解码流操作器"
	},
	"jbl_base64_encode":{
		"name":"jbl_base64_encode",
		"file":"jbl/jbl_base64.c",
		"type":"f",
		"comment":"这个函数负责base64加密"
	},
	"jbl_base64_encode_stream_free":{
		"name":"jbl_base64_encode_stream_free",
		"file":"jbl/jbl_base64.h",
		"type":"d",
		"comment":"这个函数释放一个base64加密流"
	},
	"jbl_base64_encode_stream_init":{
		"name":"jbl_base64_encode_stream_init",
		"file":"jbl/jbl_base64.h",
		"type":"d",
		"comment":"这个函数初始化一个base64加密流"
	},
	"jbl_base64_encode_stream_operator":{
		"name":"jbl_base64_encode_stream_operator",
		"file":"jbl/jbl_base64.c",
		"type":"f",
		"comment":"这是base64加密流操作器"
	},
	"jbl_bitset_2bits":{
		"name":"jbl_bitset_2bits",
		"file":"jbl/jbl_bitset.h",
		"type":"d",
		"comment":""
	},
	"jbl_bitset_bits":{
		"name":"jbl_bitset_bits",
		"file":"jbl/jbl_bitset_config.h",
		"type":"d",
		"comment":""
	},
	"jbl_bitset_find0":{
		"name":"jbl_bitset_find0",
		"file":"jbl/jbl_bitset.c",
		"type":"f",
		"comment":""
	},
	"jbl_bitset_find1":{
		"name":"jbl_bitset_find1",
		"file":"jbl/jbl_bitset.c",
		"type":"f",
		"comment":""
	},
	"jbl_bitset_init":{
		"name":"jbl_bitset_init",
		"file":"jbl/jbl_bitset.c",
		"type":"f",
		"comment":""
	},
	"jbl_bitset_reset":{
		"name":"jbl_bitset_reset",
		"file":"jbl/jbl_bitset.c",
		"type":"f",
		"comment":""
	},
	"jbl_bitset_set":{
		"name":"jbl_bitset_set",
		"file":"jbl/jbl_bitset.c",
		"type":"f",
		"comment":""
	},
	"jbl_bitset_type":{
		"name":"jbl_bitset_type",
		"file":"jbl/jbl_bitset.h",
		"type":"t",
		"comment":""
	},
	"jbl_bitset_view":{
		"name":"jbl_bitset_view",
		"file":"jbl/jbl_bitset.h",
		"type":"d",
		"comment":""
	},
	"jbl_ceil":{
		"name":"jbl_ceil",
		"file":"jbl/jbl_ying.c",
		"type":"f",
		"comment":"这个函数负责上取整"
	},
	"jbl_copy_type":{
		"name":"jbl_copy_type",
		"file":"jbl/jbl_ying.h",
		"type":"t",
		"comment":""
	},
	"jbl_exception":{
		"name":"jbl_exception",
		"file":"jbl/jbl_exception.h",
		"type":"d",
		"comment":""
	},
	"jbl_execute_cmd":{
		"name":"jbl_execute_cmd",
		"file":"jbl/jbl_cmd.c",
		"type":"f",
		"comment":"这个函数请yiyiyicmd"
	},
	"jbl_file":{
		"name":"jbl_file",
		"file":"jbl/jbl_file.h",
		"type":"t",
		"comment":""
	},
	"jbl_file_clear":{
		"name":"jbl_file_clear",
		"file":"jbl/jbl_file.c",
		"type":"f",
		"comment":""
	},
	"jbl_file_copy":{
		"name":"jbl_file_copy",
		"file":"jbl/jbl_file.c",
		"type":"f",
		"comment":""
	},
	"jbl_file_equal":{
		"name":"jbl_file_equal",
		"file":"jbl/jbl_file.h",
		"type":"d",
		"comment":""
	},
	"jbl_file_equal_light":{
		"name":"jbl_file_equal_light",
		"file":"jbl/jbl_file.h",
		"type":"d",
		"comment":""
	},
	"jbl_file_equal_light_copy":{
		"name":"jbl_file_equal_light_copy",
		"file":"jbl/jbl_file.h",
		"type":"d",
		"comment":""
	},
	"jbl_file_file_cd":{
		"name":"jbl_file_file_cd",
		"file":"jbl/jbl_file.c",
		"type":"f",
		"comment":""
	},
	"jbl_file_file_open_ex":{
		"name":"jbl_file_file_open_ex",
		"file":"jbl/jbl_file.c",
		"type":"f",
		"comment":""
	},
	"jbl_file_free":{
		"name":"jbl_file_free",
		"file":"jbl/jbl_file.c",
		"type":"f",
		"comment":""
	},
	"jbl_file_init":{
		"name":"jbl_file_init",
		"file":"jbl/jbl_file.c",
		"type":"f",
		"comment":""
	},
	"jbl_file_init_as":{
		"name":"jbl_file_init_as",
		"file":"jbl/jbl_file.c",
		"type":"f",
		"comment":""
	},
	"jbl_file_open":{
		"name":"jbl_file_open",
		"file":"jbl/jbl_file.h",
		"type":"d",
		"comment":""
	},
	"jbl_file_space_ship":{
		"name":"jbl_file_space_ship",
		"file":"jbl/jbl_file.c",
		"type":"f",
		"comment":""
	},
	"jbl_file_view":{
		"name":"jbl_file_view",
		"file":"jbl/jbl_file.h",
		"type":"d",
		"comment":""
	},
	"jbl_file_view_ex":{
		"name":"jbl_file_view_ex",
		"file":"jbl/jbl_file.c",
		"type":"f",
		"comment":""
	},
	"jbl_free":{
		"name":"jbl_free",
		"file":"jbl/jbl_malloc.c",
		"type":"f",
		"comment":"这个函数负责释放一段内存"
	},
	"jbl_get_double_length":{
		"name":"jbl_get_double_length",
		"file":"jbl/jbl_ying.c",
		"type":"f",
		"comment":"这个函数获得一个小数字符串化后的长度"
	},
	"jbl_get_int64_length":{
		"name":"jbl_get_int64_length",
		"file":"jbl/jbl_ying.c",
		"type":"f",
		"comment":"这个函数获得一个整数字符串化后的长度"
	},
	"jbl_get_uint64_length":{
		"name":"jbl_get_uint64_length",
		"file":"jbl/jbl_ying.c",
		"type":"f",
		"comment":"这个函数获得一个无符号整数字符串化后的长度"
	},
	"jbl_hash_table":{
		"name":"jbl_hash_table",
		"file":"jbl/jbl_hash_table.h",
		"type":"t",
		"comment":"哈希表类型"
	},
	"jbl_hash_table_clear":{
		"name":"jbl_hash_table_clear",
		"file":"jbl/jbl_hash_table.c",
		"type":"f",
		"comment":"清空哈希表"
	},
	"jbl_hash_table_clears":{
		"name":"jbl_hash_table_clears",
		"file":"jbl/jbl_hash_table.c",
		"type":"f",
		"comment":"清空多个哈希表"
	},
	"jbl_hash_table_copy":{
		"name":"jbl_hash_table_copy",
		"file":"jbl/jbl_hash_table.c",
		"type":"f",
		"comment":"复制哈希表"
	},
	"jbl_hash_table_data":{
		"name":"jbl_hash_table_data",
		"file":"jbl/jbl_hash_table.h",
		"type":"t",
		"comment":"哈希表数据类型"
	},
	"jbl_hash_table_data_free":{
		"name":"jbl_hash_table_data_free",
		"file":"jbl/jbl_hash_table.c",
		"type":"f",
		"comment":"释放一个哈希表"
	},
	"jbl_hash_table_data_init":{
		"name":"jbl_hash_table_data_init",
		"file":"jbl/jbl_hash_table.c",
		"type":"f",
		"comment":"初始化一个哈希表"
	},
	"jbl_hash_table_extend":{
		"name":"jbl_hash_table_extend",
		"file":"jbl/jbl_hash_table.h",
		"type":"d",
		"comment":"扩展一个哈希表"
	},
	"jbl_hash_table_extend_to":{
		"name":"jbl_hash_table_extend_to",
		"file":"jbl/jbl_hash_table.c",
		"type":"f",
		"comment":"把哈希表扩展到指定尺寸"
	},
	"jbl_hash_table_foreach":{
		"name":"jbl_hash_table_foreach",
		"file":"jbl/jbl_hash_table.h",
		"type":"d",
		"comment":"按插入顺序枚举哈希表的元素"
	},
	"jbl_hash_table_free":{
		"name":"jbl_hash_table_free",
		"file":"jbl/jbl_hash_table.c",
		"type":"f",
		"comment":"释放一个哈希表"
	},
	"jbl_hash_table_frees":{
		"name":"jbl_hash_table_frees",
		"file":"jbl/jbl_hash_table.c",
		"type":"f",
		"comment":"释放多个哈希表"
	},
	"jbl_hash_table_from_json":{
		"name":"jbl_hash_table_from_json",
		"file":"jbl/jbl_hash_table.h",
		"type":"d",
		"comment":"从json中解析一个哈希表"
	},
	"jbl_hash_table_from_json_start":{
		"name":"jbl_hash_table_from_json_start",
		"file":"jbl/jbl_hash_table.c",
		"type":"f",
		"comment":"从json的指定位置解析一个哈希表"
	},
	"jbl_hash_table_get":{
		"name":"jbl_hash_table_get",
		"file":"jbl/jbl_hash_table.c",
		"type":"f",
		"comment":"获取指定字段的哈希表的var"
	},
	"jbl_hash_table_get_data":{
		"name":"jbl_hash_table_get_data",
		"file":"jbl/jbl_hash_table.h",
		"type":"d",
		"comment":""
	},
	"jbl_hash_table_get_key":{
		"name":"jbl_hash_table_get_key",
		"file":"jbl/jbl_hash_table.h",
		"type":"d",
		"comment":"获取哈希表中的key字段"
	},
	"jbl_hash_table_get_var":{
		"name":"jbl_hash_table_get_var",
		"file":"jbl/jbl_hash_table.h",
		"type":"d",
		"comment":"获取哈希表中的var字段"
	},
	"jbl_hash_table_if_big":{
		"name":"jbl_hash_table_if_big",
		"file":"jbl/jbl_hash_table.h",
		"type":"d",
		"comment":">"
	},
	"jbl_hash_table_if_equal":{
		"name":"jbl_hash_table_if_equal",
		"file":"jbl/jbl_hash_table.h",
		"type":"d",
		"comment":"=="
	},
	"jbl_hash_table_if_equal_big":{
		"name":"jbl_hash_table_if_equal_big",
		"file":"jbl/jbl_hash_table.h",
		"type":"d",
		"comment":">="
	},
	"jbl_hash_table_if_equal_small":{
		"name":"jbl_hash_table_if_equal_small",
		"file":"jbl/jbl_hash_table.h",
		"type":"d",
		"comment":"<="
	},
	"jbl_hash_table_if_small":{
		"name":"jbl_hash_table_if_small",
		"file":"jbl/jbl_hash_table.h",
		"type":"d",
		"comment":"<"
	},
	"jbl_hash_table_init":{
		"name":"jbl_hash_table_init",
		"file":"jbl/jbl_hash_table.c",
		"type":"f",
		"comment":"初始化一个哈希表"
	},
	"jbl_hash_table_inits":{
		"name":"jbl_hash_table_inits",
		"file":"jbl/jbl_hash_table.c",
		"type":"f",
		"comment":"初始化多个哈希表"
	},
	"jbl_hash_table_insert":{
		"name":"jbl_hash_table_insert",
		"file":"jbl/jbl_hash_table.c",
		"type":"f",
		"comment":"插入一个字段"
	},
	"jbl_hash_table_insert_str":{
		"name":"jbl_hash_table_insert_str",
		"file":"jbl/jbl_hash_table.h",
		"type":"d",
		"comment":"插入一个以传统字符串为key的字符串"
	},
	"jbl_hash_table_insert_str_double":{
		"name":"jbl_hash_table_insert_str_double",
		"file":"jbl/jbl_hash_table.h",
		"type":"d",
		"comment":"插入一个以传统字符串为key的double"
	},
	"jbl_hash_table_insert_str_false":{
		"name":"jbl_hash_table_insert_str_false",
		"file":"jbl/jbl_hash_table.h",
		"type":"d",
		"comment":"插入一个以传统字符串为key的false"
	},
	"jbl_hash_table_insert_str_int64":{
		"name":"jbl_hash_table_insert_str_int64",
		"file":"jbl/jbl_hash_table.h",
		"type":"d",
		"comment":"插入一个以传统字符串为key的int64"
	},
	"jbl_hash_table_insert_str_true":{
		"name":"jbl_hash_table_insert_str_true",
		"file":"jbl/jbl_hash_table.h",
		"type":"d",
		"comment":"插入一个以传统字符串为key的true"
	},
	"jbl_hash_table_insert_str_uint64":{
		"name":"jbl_hash_table_insert_str_uint64",
		"file":"jbl/jbl_hash_table.h",
		"type":"d",
		"comment":"插入一个以传统字符串为key的uint64"
	},
	"jbl_hash_table_merge":{
		"name":"jbl_hash_table_merge",
		"file":"jbl/jbl_hash_table.c",
		"type":"f",
		"comment":"合并两个哈希表"
	},
	"jbl_hash_table_put":{
		"name":"jbl_hash_table_put",
		"file":"jbl/jbl_hash_table.c",
		"type":"f",
		"comment":"像stream输出一个哈希表"
	},
	"jbl_hash_table_rehash":{
		"name":"jbl_hash_table_rehash",
		"file":"jbl/jbl_hash_table.c",
		"type":"f",
		"comment":"重哈希"
	},
	"jbl_hash_table_size_type":{
		"name":"jbl_hash_table_size_type",
		"file":"jbl/jbl_hash_table_config.h",
		"type":"t",
		"comment":"哈希表尺寸变量类型"
	},
	"jbl_hash_table_space_ship":{
		"name":"jbl_hash_table_space_ship",
		"file":"jbl/jbl_hash_table.c",
		"type":"f",
		"comment":"哈希表太空船操作符。

例如jbl_hash_table_space_ship(a,b)

若a<b则返回-1,

若a==b则返回0,

若a>b则返回1。

将首先比较长度，然后遍历a，若b中无同样key的值，则a大，若b中有同样key的值，则比较这两个值，如果不同则返回，如果相同则接着比，直到a枚举完"
	},
	"jbl_hash_table_to_json":{
		"name":"jbl_hash_table_to_json",
		"file":"jbl/jbl_hash_table.c",
		"type":"f",
		"comment":"json格式化一个哈希表"
	},
	"jbl_hash_table_unset":{
		"name":"jbl_hash_table_unset",
		"file":"jbl/jbl_hash_table.c",
		"type":"f",
		"comment":"删除哈希表一个元素"
	},
	"jbl_hash_table_view":{
		"name":"jbl_hash_table_view",
		"file":"jbl/jbl_hash_table.h",
		"type":"d",
		"comment":"浏览哈希表"
	},
	"jbl_highbit":{
		"name":"jbl_highbit",
		"file":"jbl/jbl_bitset.c",
		"type":"f",
		"comment":"获取一个整数二进制意义下最高位所在的位置"
	},
	"jbl_highbit0":{
		"name":"jbl_highbit0",
		"file":"jbl/jbl_bitset.c",
		"type":"f",
		"comment":""
	},
	"jbl_highbit32":{
		"name":"jbl_highbit32",
		"file":"jbl/jbl_bitset.c",
		"type":"f",
		"comment":""
	},
	"jbl_highbit320":{
		"name":"jbl_highbit320",
		"file":"jbl/jbl_bitset.c",
		"type":"f",
		"comment":""
	},
	"jbl_int16":{
		"name":"jbl_int16",
		"file":"jbl/jbl_ying.h",
		"type":"t",
		"comment":""
	},
	"jbl_int32":{
		"name":"jbl_int32",
		"file":"jbl/jbl_ying.h",
		"type":"t",
		"comment":""
	},
	"jbl_int64":{
		"name":"jbl_int64",
		"file":"jbl/jbl_ying.h",
		"type":"t",
		"comment":""
	},
	"jbl_int8":{
		"name":"jbl_int8",
		"file":"jbl/jbl_ying.h",
		"type":"t",
		"comment":""
	},
	"jbl_link_list":{
		"name":"jbl_link_list",
		"file":"jbl/jbl_string.h",
		"type":"t",
		"comment":""
	},
	"jbl_link_list_add_node":{
		"name":"jbl_link_list_add_node",
		"file":"jbl/jbl_link_list.h",
		"type":"d",
		"comment":"插入一个节点"
	},
	"jbl_link_list_add_var":{
		"name":"jbl_link_list_add_var",
		"file":"jbl/jbl_link_list.h",
		"type":"d",
		"comment":""
	},
	"jbl_link_list_add_var_light":{
		"name":"jbl_link_list_add_var_light",
		"file":"jbl/jbl_link_list.h",
		"type":"d",
		"comment":""
	},
	"jbl_link_list_add_var_move":{
		"name":"jbl_link_list_add_var_move",
		"file":"jbl/jbl_link_list.h",
		"type":"d",
		"comment":""
	},
	"jbl_link_list_copy":{
		"name":"jbl_link_list_copy",
		"file":"jbl/jbl_link_list.c",
		"type":"f",
		"comment":"复制一个链表"
	},
	"jbl_link_list_data":{
		"name":"jbl_link_list_data",
		"file":"jbl/jbl_link_list.h",
		"type":"d",
		"comment":"获取链表的var"
	},
	"jbl_link_list_delete_head":{
		"name":"jbl_link_list_delete_head",
		"file":"jbl/jbl_link_list.h",
		"type":"d",
		"comment":"掐头"
	},
	"jbl_link_list_delete_node":{
		"name":"jbl_link_list_delete_node",
		"file":"jbl/jbl_link_list.c",
		"type":"f",
		"comment":"删除一个节点"
	},
	"jbl_link_list_delete_tail":{
		"name":"jbl_link_list_delete_tail",
		"file":"jbl/jbl_link_list.h",
		"type":"d",
		"comment":"去尾"
	},
	"jbl_link_list_equal":{
		"name":"jbl_link_list_equal",
		"file":"jbl/jbl_link_list.h",
		"type":"d",
		"comment":""
	},
	"jbl_link_list_equal_light":{
		"name":"jbl_link_list_equal_light",
		"file":"jbl/jbl_link_list.h",
		"type":"d",
		"comment":""
	},
	"jbl_link_list_equal_move":{
		"name":"jbl_link_list_equal_move",
		"file":"jbl/jbl_link_list.h",
		"type":"d",
		"comment":""
	},
	"jbl_link_list_flag_light_copy":{
		"name":"jbl_link_list_flag_light_copy",
		"file":"jbl/jbl_link_list.h",
		"type":"d",
		"comment":""
	},
	"jbl_link_list_foreach":{
		"name":"jbl_link_list_foreach",
		"file":"jbl/jbl_link_list.h",
		"type":"d",
		"comment":""
	},
	"jbl_link_list_foreach_del":{
		"name":"jbl_link_list_foreach_del",
		"file":"jbl/jbl_link_list.h",
		"type":"d",
		"comment":""
	},
	"jbl_link_list_free":{
		"name":"jbl_link_list_free",
		"file":"jbl/jbl_link_list.c",
		"type":"f",
		"comment":""
	},
	"jbl_link_list_frees":{
		"name":"jbl_link_list_frees",
		"file":"jbl/jbl_link_list.c",
		"type":"f",
		"comment":""
	},
	"jbl_link_list_from_json":{
		"name":"jbl_link_list_from_json",
		"file":"jbl/jbl_link_list.h",
		"type":"d",
		"comment":""
	},
	"jbl_link_list_from_json_start":{
		"name":"jbl_link_list_from_json_start",
		"file":"jbl/jbl_link_list.c",
		"type":"f",
		"comment":""
	},
	"jbl_link_list_get_length":{
		"name":"jbl_link_list_get_length",
		"file":"jbl/jbl_link_list.h",
		"type":"d",
		"comment":""
	},
	"jbl_link_list_if_big":{
		"name":"jbl_link_list_if_big",
		"file":"jbl/jbl_link_list.h",
		"type":"d",
		"comment":""
	},
	"jbl_link_list_if_equal":{
		"name":"jbl_link_list_if_equal",
		"file":"jbl/jbl_link_list.h",
		"type":"d",
		"comment":""
	},
	"jbl_link_list_if_equal_big":{
		"name":"jbl_link_list_if_equal_big",
		"file":"jbl/jbl_link_list.h",
		"type":"d",
		"comment":""
	},
	"jbl_link_list_if_equal_small":{
		"name":"jbl_link_list_if_equal_small",
		"file":"jbl/jbl_link_list.h",
		"type":"d",
		"comment":""
	},
	"jbl_link_list_if_small":{
		"name":"jbl_link_list_if_small",
		"file":"jbl/jbl_link_list.h",
		"type":"d",
		"comment":""
	},
	"jbl_link_list_init":{
		"name":"jbl_link_list_init",
		"file":"jbl/jbl_link_list.c",
		"type":"f",
		"comment":""
	},
	"jbl_link_list_inits":{
		"name":"jbl_link_list_inits",
		"file":"jbl/jbl_link_list.c",
		"type":"f",
		"comment":""
	},
	"jbl_link_list_insert_node":{
		"name":"jbl_link_list_insert_node",
		"file":"jbl/jbl_link_list.c",
		"type":"f",
		"comment":""
	},
	"jbl_link_list_insert_var":{
		"name":"jbl_link_list_insert_var",
		"file":"jbl/jbl_link_list.c",
		"type":"f",
		"comment":""
	},
	"jbl_link_list_insert_var_light":{
		"name":"jbl_link_list_insert_var_light",
		"file":"jbl/jbl_link_list.c",
		"type":"f",
		"comment":""
	},
	"jbl_link_list_insert_var_move":{
		"name":"jbl_link_list_insert_var_move",
		"file":"jbl/jbl_link_list.c",
		"type":"f",
		"comment":""
	},
	"jbl_link_list_merge":{
		"name":"jbl_link_list_merge",
		"file":"jbl/jbl_link_list.c",
		"type":"f",
		"comment":""
	},
	"jbl_link_list_merge_light":{
		"name":"jbl_link_list_merge_light",
		"file":"jbl/jbl_link_list.c",
		"type":"f",
		"comment":""
	},
	"jbl_link_list_node":{
		"name":"jbl_link_list_node",
		"file":"jbl/jbl_link_list.h",
		"type":"t",
		"comment":""
	},
	"jbl_link_list_node_delink":{
		"name":"jbl_link_list_node_delink",
		"file":"jbl/jbl_link_list.c",
		"type":"f",
		"comment":""
	},
	"jbl_link_list_node_free":{
		"name":"jbl_link_list_node_free",
		"file":"jbl/jbl_link_list.c",
		"type":"f",
		"comment":""
	},
	"jbl_link_list_node_frees":{
		"name":"jbl_link_list_node_frees",
		"file":"jbl/jbl_link_list.c",
		"type":"f",
		"comment":""
	},
	"jbl_link_list_node_init":{
		"name":"jbl_link_list_node_init",
		"file":"jbl/jbl_link_list.c",
		"type":"f",
		"comment":""
	},
	"jbl_link_list_node_inits":{
		"name":"jbl_link_list_node_inits",
		"file":"jbl/jbl_link_list.c",
		"type":"f",
		"comment":""
	},
	"jbl_link_list_put":{
		"name":"jbl_link_list_put",
		"file":"jbl/jbl_link_list.c",
		"type":"f",
		"comment":""
	},
	"jbl_link_list_size_type":{
		"name":"jbl_link_list_size_type",
		"file":"jbl/jbl_link_list_config.h",
		"type":"t",
		"comment":""
	},
	"jbl_link_list_space_ship":{
		"name":"jbl_link_list_space_ship",
		"file":"jbl/jbl_link_list.c",
		"type":"f",
		"comment":""
	},
	"jbl_link_list_swap_node":{
		"name":"jbl_link_list_swap_node",
		"file":"jbl/jbl_link_list.c",
		"type":"f",
		"comment":""
	},
	"jbl_link_list_to_json":{
		"name":"jbl_link_list_to_json",
		"file":"jbl/jbl_link_list.c",
		"type":"f",
		"comment":""
	},
	"jbl_link_list_view":{
		"name":"jbl_link_list_view",
		"file":"jbl/jbl_link_list.h",
		"type":"d",
		"comment":""
	},
	"jbl_malloc":{
		"name":"jbl_malloc",
		"file":"jbl/jbl_malloc.c",
		"type":"f",
		"comment":""
	},
	"jbl_malloc_chunk_struct":{
		"name":"jbl_malloc_chunk_struct",
		"file":"jbl/jbl_malloc.h",
		"type":"t",
		"comment":""
	},
	"jbl_malloc_fmap_len":{
		"name":"jbl_malloc_fmap_len",
		"file":"jbl/jbl_malloc.h",
		"type":"d",
		"comment":""
	},
	"jbl_malloc_free_slot":{
		"name":"jbl_malloc_free_slot",
		"file":"jbl/jbl_malloc.h",
		"type":"t",
		"comment":""
	},
	"jbl_malloc_heap":{
		"name":"jbl_malloc_heap",
		"file":"jbl/jbl_malloc.c",
		"type":"v",
		"comment":""
	},
	"jbl_malloc_heap_struct":{
		"name":"jbl_malloc_heap_struct",
		"file":"jbl/jbl_malloc.h",
		"type":"t",
		"comment":""
	},
	"jbl_malloc_huge_struct":{
		"name":"jbl_malloc_huge_struct",
		"file":"jbl/jbl_malloc.h",
		"type":"t",
		"comment":""
	},
	"jbl_malloc_size":{
		"name":"jbl_malloc_size",
		"file":"jbl/jbl_malloc.c",
		"type":"f",
		"comment":""
	},
	"jbl_malloc_size_type":{
		"name":"jbl_malloc_size_type",
		"file":"jbl/jbl_malloc_config.h",
		"type":"t",
		"comment":""
	},
	"jbl_malloc_small_bins":{
		"name":"jbl_malloc_small_bins",
		"file":"jbl/jbl_malloc.c",
		"type":"typeref:struct:__anon2",
		"comment":""
	},
	"jbl_malloc_start":{
		"name":"jbl_malloc_start",
		"file":"jbl/jbl_malloc.h",
		"type":"d",
		"comment":""
	},
	"jbl_malloc_stop":{
		"name":"jbl_malloc_stop",
		"file":"jbl/jbl_malloc.h",
		"type":"d",
		"comment":""
	},
	"jbl_max":{
		"name":"jbl_max",
		"file":"jbl/jbl_ying.h",
		"type":"d",
		"comment":""
	},
	"jbl_max_update":{
		"name":"jbl_max_update",
		"file":"jbl/jbl_ying.h",
		"type":"d",
		"comment":""
	},
	"jbl_md5":{
		"name":"jbl_md5",
		"file":"jbl/jbl_md5.c",
		"type":"f",
		"comment":""
	},
	"jbl_memory_copy":{
		"name":"jbl_memory_copy",
		"file":"jbl/jbl_malloc.c",
		"type":"f",
		"comment":""
	},
	"jbl_memory_copy_reverse":{
		"name":"jbl_memory_copy_reverse",
		"file":"jbl/jbl_malloc.c",
		"type":"f",
		"comment":""
	},
	"jbl_min":{
		"name":"jbl_min",
		"file":"jbl/jbl_ying.h",
		"type":"d",
		"comment":""
	},
	"jbl_min_update":{
		"name":"jbl_min_update",
		"file":"jbl/jbl_ying.h",
		"type":"d",
		"comment":""
	},
	"jbl_pointer_int":{
		"name":"jbl_pointer_int",
		"file":"jbl/jbl_ying.h",
		"type":"t",
		"comment":""
	},
	"jbl_print_colorful":{
		"name":"jbl_print_colorful",
		"file":"jbl/jbl_ying.h",
		"type":"d",
		"comment":""
	},
	"jbl_put_type":{
		"name":"jbl_put_type",
		"file":"jbl/jbl_stream.h",
		"type":"t",
		"comment":""
	},
	"jbl_rand":{
		"name":"jbl_rand",
		"file":"jbl/jbl_rand.c",
		"type":"f",
		"comment":""
	},
	"jbl_rand_srand":{
		"name":"jbl_rand_srand",
		"file":"jbl/jbl_rand.c",
		"type":"f",
		"comment":""
	},
	"jbl_realloc":{
		"name":"jbl_realloc",
		"file":"jbl/jbl_malloc.c",
		"type":"f",
		"comment":""
	},
	"jbl_sha1":{
		"name":"jbl_sha1",
		"file":"jbl/jbl_sha1.c",
		"type":"f",
		"comment":""
	},
	"jbl_start":{
		"name":"jbl_start",
		"file":"jbl/jbl_ying.h",
		"type":"d",
		"comment":""
	},
	"jbl_stop":{
		"name":"jbl_stop",
		"file":"jbl/jbl_ying.h",
		"type":"d",
		"comment":""
	},
	"jbl_stream":{
		"name":"jbl_stream",
		"file":"jbl/jbl_stream.h",
		"type":"t",
		"comment":""
	},
	"jbl_stream_connect":{
		"name":"jbl_stream_connect",
		"file":"jbl/jbl_stream.h",
		"type":"d",
		"comment":""
	},
	"jbl_stream_do":{
		"name":"jbl_stream_do",
		"file":"jbl/jbl_stream.h",
		"type":"d",
		"comment":""
	},
	"jbl_stream_file_operator":{
		"name":"jbl_stream_file_operator",
		"file":"jbl/jbl_stream.c",
		"type":"f",
		"comment":""
	},
	"jbl_stream_force":{
		"name":"jbl_stream_force",
		"file":"jbl/jbl_stream.h",
		"type":"d",
		"comment":""
	},
	"jbl_stream_free":{
		"name":"jbl_stream_free",
		"file":"jbl/jbl_stream.h",
		"type":"d",
		"comment":""
	},
	"jbl_stream_init":{
		"name":"jbl_stream_init",
		"file":"jbl/jbl_stream.h",
		"type":"d",
		"comment":""
	},
	"jbl_stream_operater":{
		"name":"jbl_stream_operater",
		"file":"jbl/jbl_aes.h",
		"type":"t",
		"comment":""
	},
	"jbl_stream_push_char":{
		"name":"jbl_stream_push_char",
		"file":"jbl/jbl_stream.h",
		"type":"d",
		"comment":""
	},
	"jbl_stream_push_chars":{
		"name":"jbl_stream_push_chars",
		"file":"jbl/jbl_stream.c",
		"type":"f",
		"comment":""
	},
	"jbl_stream_push_double":{
		"name":"jbl_stream_push_double",
		"file":"jbl/jbl_stream.c",
		"type":"f",
		"comment":""
	},
	"jbl_stream_push_int64":{
		"name":"jbl_stream_push_int64",
		"file":"jbl/jbl_stream.c",
		"type":"f",
		"comment":""
	},
	"jbl_stream_push_uint64":{
		"name":"jbl_stream_push_uint64",
		"file":"jbl/jbl_stream.c",
		"type":"f",
		"comment":""
	},
	"jbl_stream_reset":{
		"name":"jbl_stream_reset",
		"file":"jbl/jbl_stream.h",
		"type":"d",
		"comment":""
	},
	"jbl_stream_start":{
		"name":"jbl_stream_start",
		"file":"jbl/jbl_stream.h",
		"type":"d",
		"comment":""
	},
	"jbl_stream_stdin":{
		"name":"jbl_stream_stdin",
		"file":"jbl/jbl_stream.c",
		"type":"v",
		"comment":""
	},
	"jbl_stream_stdout":{
		"name":"jbl_stream_stdout",
		"file":"jbl/jbl_stream.c",
		"type":"v",
		"comment":""
	},
	"jbl_stream_stop":{
		"name":"jbl_stream_stop",
		"file":"jbl/jbl_stream.h",
		"type":"d",
		"comment":""
	},
	"jbl_string":{
		"name":"jbl_string",
		"file":"jbl/jbl_string.h",
		"type":"t",
		"comment":""
	},
	"jbl_string_add_char":{
		"name":"jbl_string_add_char",
		"file":"jbl/jbl_string.c",
		"type":"f",
		"comment":""
	},
	"jbl_string_add_char1":{
		"name":"jbl_string_add_char1",
		"file":"jbl/jbl_string.h",
		"type":"d",
		"comment":""
	},
	"jbl_string_add_chars":{
		"name":"jbl_string_add_chars",
		"file":"jbl/jbl_string.h",
		"type":"d",
		"comment":""
	},
	"jbl_string_add_chars_length":{
		"name":"jbl_string_add_chars_length",
		"file":"jbl/jbl_string.c",
		"type":"f",
		"comment":""
	},
	"jbl_string_add_double":{
		"name":"jbl_string_add_double",
		"file":"jbl/jbl_string.h",
		"type":"d",
		"comment":""
	},
	"jbl_string_add_double_length":{
		"name":"jbl_string_add_double_length",
		"file":"jbl/jbl_string.c",
		"type":"f",
		"comment":""
	},
	"jbl_string_add_file":{
		"name":"jbl_string_add_file",
		"file":"jbl/jbl_string.c",
		"type":"f",
		"comment":""
	},
	"jbl_string_add_file_end_by":{
		"name":"jbl_string_add_file_end_by",
		"file":"jbl/jbl_string.c",
		"type":"f",
		"comment":""
	},
	"jbl_string_add_hex":{
		"name":"jbl_string_add_hex",
		"file":"jbl/jbl_string.c",
		"type":"f",
		"comment":""
	},
	"jbl_string_add_hex8":{
		"name":"jbl_string_add_hex8",
		"file":"jbl/jbl_string.c",
		"type":"f",
		"comment":""
	},
	"jbl_string_add_int64":{
		"name":"jbl_string_add_int64",
		"file":"jbl/jbl_string.h",
		"type":"d",
		"comment":""
	},
	"jbl_string_add_int64_length":{
		"name":"jbl_string_add_int64_length",
		"file":"jbl/jbl_string.c",
		"type":"f",
		"comment":""
	},
	"jbl_string_add_string":{
		"name":"jbl_string_add_string",
		"file":"jbl/jbl_string.c",
		"type":"f",
		"comment":""
	},
	"jbl_string_add_uint64":{
		"name":"jbl_string_add_uint64",
		"file":"jbl/jbl_string.h",
		"type":"d",
		"comment":""
	},
	"jbl_string_add_uint64_length":{
		"name":"jbl_string_add_uint64_length",
		"file":"jbl/jbl_string.c",
		"type":"f",
		"comment":""
	},
	"jbl_string_add_unicode_as_utf8":{
		"name":"jbl_string_add_unicode_as_utf8",
		"file":"jbl/jbl_string.c",
		"type":"f",
		"comment":""
	},
	"jbl_string_add_var":{
		"name":"jbl_string_add_var",
		"file":"jbl/jbl_string.c",
		"type":"f",
		"comment":""
	},
	"jbl_string_clear":{
		"name":"jbl_string_clear",
		"file":"jbl/jbl_string.c",
		"type":"f",
		"comment":""
	},
	"jbl_string_clears":{
		"name":"jbl_string_clears",
		"file":"jbl/jbl_string.c",
		"type":"f",
		"comment":""
	},
	"jbl_string_const":{
		"name":"jbl_string_const",
		"file":"jbl/jbl_string.h",
		"type":"d",
		"comment":""
	},
	"jbl_string_copy":{
		"name":"jbl_string_copy",
		"file":"jbl/jbl_string.c",
		"type":"f",
		"comment":""
	},
	"jbl_string_cut":{
		"name":"jbl_string_cut",
		"file":"jbl/jbl_string.h",
		"type":"d",
		"comment":""
	},
	"jbl_string_cut_start":{
		"name":"jbl_string_cut_start",
		"file":"jbl/jbl_string.c",
		"type":"f",
		"comment":""
	},
	"jbl_string_delete_1":{
		"name":"jbl_string_delete_1",
		"file":"jbl/jbl_string.h",
		"type":"d",
		"comment":""
	},
	"jbl_string_equal":{
		"name":"jbl_string_equal",
		"file":"jbl/jbl_string.h",
		"type":"d",
		"comment":""
	},
	"jbl_string_equal_char":{
		"name":"jbl_string_equal_char",
		"file":"jbl/jbl_string.h",
		"type":"d",
		"comment":""
	},
	"jbl_string_equal_chars":{
		"name":"jbl_string_equal_chars",
		"file":"jbl/jbl_string.h",
		"type":"d",
		"comment":""
	},
	"jbl_string_equal_chars_length":{
		"name":"jbl_string_equal_chars_length",
		"file":"jbl/jbl_string.h",
		"type":"d",
		"comment":""
	},
	"jbl_string_equal_chars_light":{
		"name":"jbl_string_equal_chars_light",
		"file":"jbl/jbl_string.h",
		"type":"d",
		"comment":""
	},
	"jbl_string_equal_chars_light_length":{
		"name":"jbl_string_equal_chars_light_length",
		"file":"jbl/jbl_string.h",
		"type":"d",
		"comment":""
	},
	"jbl_string_equal_double":{
		"name":"jbl_string_equal_double",
		"file":"jbl/jbl_string.h",
		"type":"d",
		"comment":""
	},
	"jbl_string_equal_double_length":{
		"name":"jbl_string_equal_double_length",
		"file":"jbl/jbl_string.h",
		"type":"d",
		"comment":""
	},
	"jbl_string_equal_file":{
		"name":"jbl_string_equal_file",
		"file":"jbl/jbl_string.h",
		"type":"d",
		"comment":""
	},
	"jbl_string_equal_file_end_by":{
		"name":"jbl_string_equal_file_end_by",
		"file":"jbl/jbl_string.h",
		"type":"d",
		"comment":""
	},
	"jbl_string_equal_hex":{
		"name":"jbl_string_equal_hex",
		"file":"jbl/jbl_string.h",
		"type":"d",
		"comment":""
	},
	"jbl_string_equal_int64":{
		"name":"jbl_string_equal_int64",
		"file":"jbl/jbl_string.h",
		"type":"d",
		"comment":""
	},
	"jbl_string_equal_light":{
		"name":"jbl_string_equal_light",
		"file":"jbl/jbl_string.h",
		"type":"d",
		"comment":""
	},
	"jbl_string_equal_move":{
		"name":"jbl_string_equal_move",
		"file":"jbl/jbl_string.h",
		"type":"d",
		"comment":""
	},
	"jbl_string_equal_string":{
		"name":"jbl_string_equal_string",
		"file":"jbl/jbl_string.h",
		"type":"d",
		"comment":""
	},
	"jbl_string_equal_string_light":{
		"name":"jbl_string_equal_string_light",
		"file":"jbl/jbl_string.h",
		"type":"d",
		"comment":""
	},
	"jbl_string_equal_string_light_copy":{
		"name":"jbl_string_equal_string_light_copy",
		"file":"jbl/jbl_string.h",
		"type":"d",
		"comment":""
	},
	"jbl_string_equal_uint64":{
		"name":"jbl_string_equal_uint64",
		"file":"jbl/jbl_string.h",
		"type":"d",
		"comment":""
	},
	"jbl_string_equal_var":{
		"name":"jbl_string_equal_var",
		"file":"jbl/jbl_string.c",
		"type":"f",
		"comment":""
	},
	"jbl_string_extend":{
		"name":"jbl_string_extend",
		"file":"jbl/jbl_string.h",
		"type":"d",
		"comment":""
	},
	"jbl_string_extend_to":{
		"name":"jbl_string_extend_to",
		"file":"jbl/jbl_string.c",
		"type":"f",
		"comment":""
	},
	"jbl_string_find_char":{
		"name":"jbl_string_find_char",
		"file":"jbl/jbl_string.h",
		"type":"d",
		"comment":""
	},
	"jbl_string_find_char_start":{
		"name":"jbl_string_find_char_start",
		"file":"jbl/jbl_string.c",
		"type":"f",
		"comment":""
	},
	"jbl_string_free":{
		"name":"jbl_string_free",
		"file":"jbl/jbl_string.c",
		"type":"f",
		"comment":""
	},
	"jbl_string_frees":{
		"name":"jbl_string_frees",
		"file":"jbl/jbl_string.c",
		"type":"f",
		"comment":""
	},
	"jbl_string_from_json":{
		"name":"jbl_string_from_json",
		"file":"jbl/jbl_string.h",
		"type":"d",
		"comment":""
	},
	"jbl_string_from_json_start":{
		"name":"jbl_string_from_json_start",
		"file":"jbl/jbl_string.c",
		"type":"f",
		"comment":""
	},
	"jbl_string_get":{
		"name":"jbl_string_get",
		"file":"jbl/jbl_string.c",
		"type":"f",
		"comment":""
	},
	"jbl_string_get1":{
		"name":"jbl_string_get1",
		"file":"jbl/jbl_string.h",
		"type":"d",
		"comment":""
	},
	"jbl_string_get2":{
		"name":"jbl_string_get2",
		"file":"jbl/jbl_string.h",
		"type":"d",
		"comment":""
	},
	"jbl_string_get_chars":{
		"name":"jbl_string_get_chars",
		"file":"jbl/jbl_string.h",
		"type":"d",
		"comment":""
	},
	"jbl_string_get_double":{
		"name":"jbl_string_get_double",
		"file":"jbl/jbl_string.h",
		"type":"d",
		"comment":""
	},
	"jbl_string_get_double_start":{
		"name":"jbl_string_get_double_start",
		"file":"jbl/jbl_string.c",
		"type":"f",
		"comment":""
	},
	"jbl_string_get_double_start_v":{
		"name":"jbl_string_get_double_start_v",
		"file":"jbl/jbl_string.c",
		"type":"f",
		"comment":""
	},
	"jbl_string_get_hex":{
		"name":"jbl_string_get_hex",
		"file":"jbl/jbl_string.h",
		"type":"d",
		"comment":""
	},
	"jbl_string_get_hex_start":{
		"name":"jbl_string_get_hex_start",
		"file":"jbl/jbl_string.c",
		"type":"f",
		"comment":""
	},
	"jbl_string_get_hex_start_v":{
		"name":"jbl_string_get_hex_start_v",
		"file":"jbl/jbl_string.c",
		"type":"f",
		"comment":""
	},
	"jbl_string_get_int64":{
		"name":"jbl_string_get_int64",
		"file":"jbl/jbl_string.h",
		"type":"d",
		"comment":""
	},
	"jbl_string_get_int64_start":{
		"name":"jbl_string_get_int64_start",
		"file":"jbl/jbl_string.c",
		"type":"f",
		"comment":""
	},
	"jbl_string_get_int64_start_v":{
		"name":"jbl_string_get_int64_start_v",
		"file":"jbl/jbl_string.c",
		"type":"f",
		"comment":""
	},
	"jbl_string_get_length":{
		"name":"jbl_string_get_length",
		"file":"jbl/jbl_string.h",
		"type":"d",
		"comment":""
	},
	"jbl_string_get_size":{
		"name":"jbl_string_get_size",
		"file":"jbl/jbl_string.h",
		"type":"d",
		"comment":""
	},
	"jbl_string_get_uint64":{
		"name":"jbl_string_get_uint64",
		"file":"jbl/jbl_string.h",
		"type":"d",
		"comment":""
	},
	"jbl_string_get_uint64_start":{
		"name":"jbl_string_get_uint64_start",
		"file":"jbl/jbl_string.c",
		"type":"f",
		"comment":""
	},
	"jbl_string_get_uint64_start_v":{
		"name":"jbl_string_get_uint64_start_v",
		"file":"jbl/jbl_string.c",
		"type":"f",
		"comment":""
	},
	"jbl_string_hash":{
		"name":"jbl_string_hash",
		"file":"jbl/jbl_string.c",
		"type":"f",
		"comment":""
	},
	"jbl_string_if_big":{
		"name":"jbl_string_if_big",
		"file":"jbl/jbl_string.h",
		"type":"d",
		"comment":""
	},
	"jbl_string_if_equal":{
		"name":"jbl_string_if_equal",
		"file":"jbl/jbl_string.h",
		"type":"d",
		"comment":""
	},
	"jbl_string_if_equal_big":{
		"name":"jbl_string_if_equal_big",
		"file":"jbl/jbl_string.h",
		"type":"d",
		"comment":""
	},
	"jbl_string_if_equal_small":{
		"name":"jbl_string_if_equal_small",
		"file":"jbl/jbl_string.h",
		"type":"d",
		"comment":""
	},
	"jbl_string_if_small":{
		"name":"jbl_string_if_small",
		"file":"jbl/jbl_string.h",
		"type":"d",
		"comment":""
	},
	"jbl_string_init":{
		"name":"jbl_string_init",
		"file":"jbl/jbl_string.c",
		"type":"f",
		"comment":""
	},
	"jbl_string_inits":{
		"name":"jbl_string_inits",
		"file":"jbl/jbl_string.c",
		"type":"f",
		"comment":""
	},
	"jbl_string_parse":{
		"name":"jbl_string_parse",
		"file":"jbl/jbl_string.c",
		"type":"f",
		"comment":""
	},
	"jbl_string_print":{
		"name":"jbl_string_print",
		"file":"jbl/jbl_string.c",
		"type":"f",
		"comment":""
	},
	"jbl_string_put":{
		"name":"jbl_string_put",
		"file":"jbl/jbl_string.c",
		"type":"f",
		"comment":""
	},
	"jbl_string_set":{
		"name":"jbl_string_set",
		"file":"jbl/jbl_string.c",
		"type":"f",
		"comment":""
	},
	"jbl_string_set0":{
		"name":"jbl_string_set0",
		"file":"jbl/jbl_string.h",
		"type":"d",
		"comment":""
	},
	"jbl_string_size_type":{
		"name":"jbl_string_size_type",
		"file":"jbl/jbl_string_config.h",
		"type":"t",
		"comment":""
	},
	"jbl_string_space_ship":{
		"name":"jbl_string_space_ship",
		"file":"jbl/jbl_string.c",
		"type":"f",
		"comment":""
	},
	"jbl_string_stream_free":{
		"name":"jbl_string_stream_free",
		"file":"jbl/jbl_string.h",
		"type":"d",
		"comment":""
	},
	"jbl_string_stream_init":{
		"name":"jbl_string_stream_init",
		"file":"jbl/jbl_string.h",
		"type":"d",
		"comment":""
	},
	"jbl_string_stream_operater":{
		"name":"jbl_string_stream_operater",
		"file":"jbl/jbl_string.c",
		"type":"f",
		"comment":""
	},
	"jbl_string_stream_reset":{
		"name":"jbl_string_stream_reset",
		"file":"jbl/jbl_string.h",
		"type":"d",
		"comment":""
	},
	"jbl_string_to_json":{
		"name":"jbl_string_to_json",
		"file":"jbl/jbl_string.c",
		"type":"f",
		"comment":""
	},
	"jbl_string_view":{
		"name":"jbl_string_view",
		"file":"jbl/jbl_string.h",
		"type":"d",
		"comment":""
	},
	"jbl_string_views":{
		"name":"jbl_string_views",
		"file":"jbl/jbl_string.c",
		"type":"f",
		"comment":""
	},
	"jbl_strlen":{
		"name":"jbl_strlen",
		"file":"jbl/jbl_string.c",
		"type":"f",
		"comment":""
	},
	"jbl_time":{
		"name":"jbl_time",
		"file":"jbl/jbl_time.h",
		"type":"t",
		"comment":""
	},
	"jbl_time_clear":{
		"name":"jbl_time_clear",
		"file":"jbl/jbl_time.c",
		"type":"f",
		"comment":""
	},
	"jbl_time_clears":{
		"name":"jbl_time_clears",
		"file":"jbl/jbl_time.c",
		"type":"f",
		"comment":""
	},
	"jbl_time_free":{
		"name":"jbl_time_free",
		"file":"jbl/jbl_time.c",
		"type":"f",
		"comment":""
	},
	"jbl_time_frees":{
		"name":"jbl_time_frees",
		"file":"jbl/jbl_time.c",
		"type":"f",
		"comment":""
	},
	"jbl_time_from_unix":{
		"name":"jbl_time_from_unix",
		"file":"jbl/jbl_time.h",
		"type":"d",
		"comment":""
	},
	"jbl_time_get_day_of_month":{
		"name":"jbl_time_get_day_of_month",
		"file":"jbl/jbl_time.c",
		"type":"f",
		"comment":""
	},
	"jbl_time_get_weekday":{
		"name":"jbl_time_get_weekday",
		"file":"jbl/jbl_time.c",
		"type":"f",
		"comment":""
	},
	"jbl_time_if_dst":{
		"name":"jbl_time_if_dst",
		"file":"jbl/jbl_time.c",
		"type":"f",
		"comment":""
	},
	"jbl_time_if_leap_year":{
		"name":"jbl_time_if_leap_year",
		"file":"jbl/jbl_time.c",
		"type":"f",
		"comment":""
	},
	"jbl_time_init":{
		"name":"jbl_time_init",
		"file":"jbl/jbl_time.c",
		"type":"f",
		"comment":""
	},
	"jbl_time_inits":{
		"name":"jbl_time_inits",
		"file":"jbl/jbl_time.c",
		"type":"f",
		"comment":""
	},
	"jbl_time_minus":{
		"name":"jbl_time_minus",
		"file":"jbl/jbl_time.h",
		"type":"d",
		"comment":""
	},
	"jbl_time_now":{
		"name":"jbl_time_now",
		"file":"jbl/jbl_time.c",
		"type":"f",
		"comment":""
	},
	"jbl_time_time_zone":{
		"name":"jbl_time_time_zone",
		"file":"jbl/jbl_time.c",
		"type":"v",
		"comment":""
	},
	"jbl_time_to_string":{
		"name":"jbl_time_to_string",
		"file":"jbl/jbl_time.c",
		"type":"f",
		"comment":""
	},
	"jbl_time_to_unix":{
		"name":"jbl_time_to_unix",
		"file":"jbl/jbl_time.h",
		"type":"d",
		"comment":""
	},
	"jbl_uint16":{
		"name":"jbl_uint16",
		"file":"jbl/jbl_ying.h",
		"type":"t",
		"comment":""
	},
	"jbl_uint32":{
		"name":"jbl_uint32",
		"file":"jbl/jbl_ying.h",
		"type":"t",
		"comment":""
	},
	"jbl_uint64":{
		"name":"jbl_uint64",
		"file":"jbl/jbl_ying.h",
		"type":"t",
		"comment":""
	},
	"jbl_uint8":{
		"name":"jbl_uint8",
		"file":"jbl/jbl_ying.h",
		"type":"t",
		"comment":""
	},
	"jbl_var":{
		"name":"jbl_var",
		"file":"jbl/jbl_var.h",
		"type":"t",
		"comment":""
	},
	"jbl_var_copy":{
		"name":"jbl_var_copy",
		"file":"jbl/jbl_var.c",
		"type":"f",
		"comment":""
	},
	"jbl_var_equal":{
		"name":"jbl_var_equal",
		"file":"jbl/jbl_var.h",
		"type":"d",
		"comment":""
	},
	"jbl_var_equal_char":{
		"name":"jbl_var_equal_char",
		"file":"jbl/jbl_var.h",
		"type":"d",
		"comment":""
	},
	"jbl_var_equal_double":{
		"name":"jbl_var_equal_double",
		"file":"jbl/jbl_var.h",
		"type":"d",
		"comment":""
	},
	"jbl_var_equal_false":{
		"name":"jbl_var_equal_false",
		"file":"jbl/jbl_var.h",
		"type":"d",
		"comment":""
	},
	"jbl_var_equal_hash_table":{
		"name":"jbl_var_equal_hash_table",
		"file":"jbl/jbl_hash_table.c",
		"type":"f",
		"comment":""
	},
	"jbl_var_equal_int64":{
		"name":"jbl_var_equal_int64",
		"file":"jbl/jbl_var.h",
		"type":"d",
		"comment":""
	},
	"jbl_var_equal_light":{
		"name":"jbl_var_equal_light",
		"file":"jbl/jbl_var.h",
		"type":"d",
		"comment":""
	},
	"jbl_var_equal_light_copy":{
		"name":"jbl_var_equal_light_copy",
		"file":"jbl/jbl_var.h",
		"type":"d",
		"comment":""
	},
	"jbl_var_equal_link_list":{
		"name":"jbl_var_equal_link_list",
		"file":"jbl/jbl_link_list.c",
		"type":"f",
		"comment":""
	},
	"jbl_var_equal_pointer":{
		"name":"jbl_var_equal_pointer",
		"file":"jbl/jbl_var.h",
		"type":"d",
		"comment":""
	},
	"jbl_var_equal_string":{
		"name":"jbl_var_equal_string",
		"file":"jbl/jbl_string.c",
		"type":"f",
		"comment":""
	},
	"jbl_var_equal_string_pointer":{
		"name":"jbl_var_equal_string_pointer",
		"file":"jbl/jbl_string.c",
		"type":"f",
		"comment":""
	},
	"jbl_var_equal_true":{
		"name":"jbl_var_equal_true",
		"file":"jbl/jbl_var.h",
		"type":"d",
		"comment":""
	},
	"jbl_var_equal_uint64":{
		"name":"jbl_var_equal_uint64",
		"file":"jbl/jbl_var.h",
		"type":"d",
		"comment":""
	},
	"jbl_var_flag_pointer":{
		"name":"jbl_var_flag_pointer",
		"file":"jbl/jbl_var.h",
		"type":"d",
		"comment":"释放var时要不要对指针调用free的标志位"
	},
	"jbl_var_free":{
		"name":"jbl_var_free",
		"file":"jbl/jbl_var.c",
		"type":"f",
		"comment":"释放一个var"
	},
	"jbl_var_frees":{
		"name":"jbl_var_frees",
		"file":"jbl/jbl_var.c",
		"type":"f",
		"comment":"释放多个var"
	},
	"jbl_var_from_json":{
		"name":"jbl_var_from_json",
		"file":"jbl/jbl_var.h",
		"type":"d",
		"comment":""
	},
	"jbl_var_from_json_start":{
		"name":"jbl_var_from_json_start",
		"file":"jbl/jbl_var.c",
		"type":"f",
		"comment":""
	},
	"jbl_var_fs":{
		"name":"jbl_var_fs",
		"file":"jbl/jbl_var.c",
		"type":"v",
		"comment":""
	},
	"jbl_var_fs_size":{
		"name":"jbl_var_fs_size",
		"file":"jbl/jbl_var_config.h",
		"type":"d",
		"comment":""
	},
	"jbl_var_functions":{
		"name":"jbl_var_functions",
		"file":"jbl/jbl_var.c",
		"type":"v",
		"comment":""
	},
	"jbl_var_functions_struct":{
		"name":"jbl_var_functions_struct",
		"file":"jbl/jbl_var.h",
		"type":"t",
		"comment":""
	},
	"jbl_var_get_char":{
		"name":"jbl_var_get_char",
		"file":"jbl/jbl_var.h",
		"type":"d",
		"comment":"按照char的类型获取var(不检验格式是否正确，不进行类型转换)"
	},
	"jbl_var_get_double":{
		"name":"jbl_var_get_double",
		"file":"jbl/jbl_var.h",
		"type":"d",
		"comment":"按照double的类型获取var(不检验格式是否正确，不进行类型转换)"
	},
	"jbl_var_get_file":{
		"name":"jbl_var_get_file",
		"file":"jbl/jbl_file.h",
		"type":"d",
		"comment":"按照jbl_file的类型获取var(不检验格式是否正确，不进行类型转换)"
	},
	"jbl_var_get_hash_table":{
		"name":"jbl_var_get_hash_table",
		"file":"jbl/jbl_hash_table.h",
		"type":"d",
		"comment":"按照jbl_hash_table的类型获取var(不检验格式是否正确，不进行类型转换)"
	},
	"jbl_var_get_int64":{
		"name":"jbl_var_get_int64",
		"file":"jbl/jbl_var.h",
		"type":"d",
		"comment":"按照jbl_int64的类型获取var(不检验格式是否正确，不进行类型转换)"
	},
	"jbl_var_get_link_list":{
		"name":"jbl_var_get_link_list",
		"file":"jbl/jbl_link_list.h",
		"type":"d",
		"comment":"按照jbl_link_list的类型获取var(不检验格式是否正确，不进行类型转换)"
	},
	"jbl_var_get_pointer":{
		"name":"jbl_var_get_pointer",
		"file":"jbl/jbl_var.h",
		"type":"d",
		"comment":"按照指针的类型获取var(不检验格式是否正确，不进行类型转换)"
	},
	"jbl_var_get_string":{
		"name":"jbl_var_get_string",
		"file":"jbl/jbl_string.h",
		"type":"d",
		"comment":"按照jbl_string的类型获取var(不检验格式是否正确，不进行类型转换)"
	},
	"jbl_var_get_type":{
		"name":"jbl_var_get_type",
		"file":"jbl/jbl_var.h",
		"type":"d",
		"comment":"获取var的类型"
	},
	"jbl_var_get_uint64":{
		"name":"jbl_var_get_uint64",
		"file":"jbl/jbl_var.h",
		"type":"d",
		"comment":"按照jbl_uont64的类型获取var(不检验格式是否正确，不进行类型转换)"
	},
	"jbl_var_if_big":{
		"name":"jbl_var_if_big",
		"file":"jbl/jbl_var.h",
		"type":"d",
		"comment":">符号，特别的，如果两个类型不同的var比较大小，将返回type的大小情况"
	},
	"jbl_var_if_equal":{
		"name":"jbl_var_if_equal",
		"file":"jbl/jbl_var.h",
		"type":"d",
		"comment":"==符号，特别的，如果两个类型不同的var比较大小，将返回type的大小情况"
	},
	"jbl_var_if_equal_big":{
		"name":"jbl_var_if_equal_big",
		"file":"jbl/jbl_var.h",
		"type":"d",
		"comment":">=符号，特别的，如果两个类型不同的var比较大小，将返回type的大小情况"
	},
	"jbl_var_if_equal_small":{
		"name":"jbl_var_if_equal_small",
		"file":"jbl/jbl_var.h",
		"type":"d",
		"comment":"<=符号，特别的，如果两个类型不同的var比较大小，将返回type的大小情况"
	},
	"jbl_var_if_small":{
		"name":"jbl_var_if_small",
		"file":"jbl/jbl_var.h",
		"type":"d",
		"comment":"<符号，特别的，如果两个类型不同的var比较大小，将返回type的大小情况"
	},
	"jbl_var_init":{
		"name":"jbl_var_init",
		"file":"jbl/jbl_var.c",
		"type":"f",
		"comment":"初始化一个var"
	},
	"jbl_var_init_as":{
		"name":"jbl_var_init_as",
		"file":"jbl/jbl_var.c",
		"type":"f",
		"comment":"把var初始化成某一类型"
	},
	"jbl_var_inits":{
		"name":"jbl_var_inits",
		"file":"jbl/jbl_var.c",
		"type":"f",
		"comment":"初始化多个var"
	},
	"jbl_var_put":{
		"name":"jbl_var_put",
		"file":"jbl/jbl_var.c",
		"type":"f",
		"comment":"向stream输出一个var"
	},
	"jbl_var_space_ship":{
		"name":"jbl_var_space_ship",
		"file":"jbl/jbl_var.c",
		"type":"f",
		"comment":"var的太空船操作符
例如jbl_var_space_ship(a,b)

若a<b则返回-1,

若a==b则返回0,

若a>b则返回1。特别的，如果两个类型不同的var比较大小，将返回type的大小情况"
	},
	"jbl_var_tmp_functions":{
		"name":"jbl_var_tmp_functions",
		"file":"jbl/jbl_var.c",
		"type":"v",
		"comment":""
	},
	"jbl_var_tmp_register":{
		"name":"jbl_var_tmp_register",
		"file":"jbl/jbl_var.h",
		"type":"d",
		"comment":""
	},
	"jbl_var_tmp_size":{
		"name":"jbl_var_tmp_size",
		"file":"jbl/jbl_var_config.h",
		"type":"d",
		"comment":""
	},
	"jbl_var_to_json":{
		"name":"jbl_var_to_json",
		"file":"jbl/jbl_var.c",
		"type":"f",
		"comment":"json格式化输出一个var"
	},
	"jbl_var_type_bit":{
		"name":"jbl_var_type_bit",
		"file":"jbl/jbl_var_config.h",
		"type":"d",
		"comment":""
	},
	"jbl_var_type_type":{
		"name":"jbl_var_type_type",
		"file":"jbl/jbl_var_config.h",
		"type":"t",
		"comment":""
	},
	"jbl_var_view":{
		"name":"jbl_var_view",
		"file":"jbl/jbl_var.h",
		"type":"d",
		"comment":"输出一个var"
	},
	"jbl_var_views":{
		"name":"jbl_var_views",
		"file":"jbl/jbl_var.c",
		"type":"f",
		"comment":"同时输出多个var"
	},
	"jbl_view_default_tabs_num":{
		"name":"jbl_view_default_tabs_num",
		"file":"jbl/jbl_ying.h",
		"type":"d",
		"comment":"view时默认输出的tab个数"
	}
}
